id,name,testcycleid,versionid
be3cc6fc-0ed6-4248-8bbc-08761e3a9861,[TF1] UAT,f427978b-3f4a-44ed-8a1d-a9fd8072c6fe,12974
166dafb7-d5b8-4623-b31d-882acd240735,[TF2] Visibility,f427978b-3f4a-44ed-8a1d-a9fd8072c6fe,12974
5d395cda-0700-4ebc-8de1-20948de8243a,[TF3] Ordering,f427978b-3f4a-44ed-8a1d-a9fd8072c6fe,12974
a9e7b613-478b-4693-b9c9-161075396a81,[TF5] Visibility - CTLM,f427978b-3f4a-44ed-8a1d-a9fd8072c6fe,12974
816debc7-aa11-4431-ae24-d05a8ae24ebd,[TF6] Visibility - Customer + Employee Account + Employee,f427978b-3f4a-44ed-8a1d-a9fd8072c6fe,12974
e12b2466-de33-4d5f-b8b4-c8da86acfa60,[TF7] Visibility - Sales Rep,f427978b-3f4a-44ed-8a1d-a9fd8072c6fe,12974
95a561ee-3c57-44eb-85e8-e35d8cce386b,[TF9] Ordering - Customer Admin,f427978b-3f4a-44ed-8a1d-a9fd8072c6fe,12974
070f269e-083e-4a8b-b746-4b0a942ab1a7,[TF10] Ordering - Customer + Employee Account + Employee,f427978b-3f4a-44ed-8a1d-a9fd8072c6fe,12974
5501e5c4-f7da-4910-836b-8f8b0f8b803a,[TF12] Ordering - P&G Admin + Admin Account (System Admin),f427978b-3f4a-44ed-8a1d-a9fd8072c6fe,12974
97951653-6d7e-4322-b262-80e6b515e7db,[TF13] Ordering - Sales Rep,f427978b-3f4a-44ed-8a1d-a9fd8072c6fe,12974
c1e4ea9d-ce51-49c6-a851-357b67305808,[TF14] General - Customer + Employee Account + Employee,f427978b-3f4a-44ed-8a1d-a9fd8072c6fe,12974
c85a2143-38c0-4b11-9a47-37fe8235b55a,[TF15] General - Sales Rep,f427978b-3f4a-44ed-8a1d-a9fd8072c6fe,12974
8ff9ad12-98e2-4a0d-ad80-b2bde33e3147,[TF17] Ordering - CSO/OM,f427978b-3f4a-44ed-8a1d-a9fd8072c6fe,12974
34bcb2c1-a0f7-4d38-be49-acf844adc0c1,[TF18] Security roles test for iSara LA,f427978b-3f4a-44ed-8a1d-a9fd8072c6fe,12974
32f04c69-557c-4a3c-8e05-148261109f41,[TF21] Magento 2 UAT,f427978b-3f4a-44ed-8a1d-a9fd8072c6fe,12974
35911624-0496-40c3-8cc6-4033eb68e050,[TF22] TF22 - SIT,f427978b-3f4a-44ed-8a1d-a9fd8072c6fe,12974
6a0b979c-6dd3-45d9-b810-1bc673fa0b89,[TF23] non-SIT test cases,f427978b-3f4a-44ed-8a1d-a9fd8072c6fe,12974
6f9c8599-c826-4009-9f2e-ed96d856d6d5,[TF24] Temporary test folder for test cases that NEED TO BE CORRECTED,f427978b-3f4a-44ed-8a1d-a9fd8072c6fe,12974
5ca66592-8fc5-4a00-93f3-effb75fe0dbf,"[TF25] Moved out of SIT, CONSOLIDATED versions of these exist in SIT folder.",f427978b-3f4a-44ed-8a1d-a9fd8072c6fe,12974
a5c99dee-b710-4169-89af-1bc9e55dd6fa,[TF26] Moved out from SIT  yet good for low level SIT,f427978b-3f4a-44ed-8a1d-a9fd8072c6fe,12974
9653c027-703f-4733-af72-708720906be9,[TF27] Translations,f427978b-3f4a-44ed-8a1d-a9fd8072c6fe,12974
39af70f9-96df-47ce-8db2-7ef08ff84f20,[TF30] E2E,371a01a8-c847-4ebb-b02c-7e676a8ba7d1,12974
ec265e0d-a6cd-4350-9fe1-8724dccf0ba2,[TF31] Backend,371a01a8-c847-4ebb-b02c-7e676a8ba7d1,12974
f0461ccb-d645-4b8b-9d13-617b164f4ecd,[TF32] Store Online LA TC,f427978b-3f4a-44ed-8a1d-a9fd8072c6fe,12974
2d549899-9352-4448-9e37-1ee87f9ddc60,[TF34] GBS Acceptance,371a01a8-c847-4ebb-b02c-7e676a8ba7d1,12974
e4cc72df-82bb-48d0-8de3-9befa854475c,[TF35] PGC UAT,371a01a8-c847-4ebb-b02c-7e676a8ba7d1,12974
44f2e487-7258-4775-8d17-95ff259b9e64,[TF36] [RT] Frontend,d1d48182-e7a3-4de9-8e0a-ef95dcbac233,12974
c4951a1f-34ad-4265-b5bb-0fe7471da5d8,[TF40] SIT B+F (Sprint 8-9),371a01a8-c847-4ebb-b02c-7e676a8ba7d1,12974
e4c07bb9-1dde-46ba-ae81-b11e09ec0faf,[TF41] SIT 2.1,f427978b-3f4a-44ed-8a1d-a9fd8072c6fe,12974
1ce95f47-7cda-458a-a543-c0f829a7f96a,[TF42] SIT   GRISC,d1d48182-e7a3-4de9-8e0a-ef95dcbac233,12974
bde42601-bb3b-4f3d-9543-b7b15db56179,[TF44] SIT2  Sprint10,371a01a8-c847-4ebb-b02c-7e676a8ba7d1,12974
caad7d21-8ada-4eb5-9442-17e6415c934b,[TF45] UAT 2.1,f427978b-3f4a-44ed-8a1d-a9fd8072c6fe,12974
6ea47670-b19e-4a03-b300-33c1e74e775d,[TF46] Frontend,79043997-d637-434b-b71e-9f72365f51ae,12974
b087c24f-7c63-4781-a6ad-01c5aa82969e,[TF47] Backend,79043997-d637-434b-b71e-9f72365f51ae,12974
4b789968-b2d4-481f-81f5-c2e139efe728,[TF48] E2E,79043997-d637-434b-b71e-9f72365f51ae,12974
dcea058c-f057-4981-9af0-198541e09d3a,[TF50] MVP,d1d48182-e7a3-4de9-8e0a-ef95dcbac233,12974
749a3eca-ffd4-4445-b217-20813918d5ae,[TF51] Core SIT,79043997-d637-434b-b71e-9f72365f51ae,12974
a8b10ec5-f0b6-4bec-b473-0cb3dd6986e0,[TF52] Test Cases not applicable to MVP,371a01a8-c847-4ebb-b02c-7e676a8ba7d1,12974
60a61082-9dcf-43d5-82ed-aab7fc817783,[TF53] Customer Online,79043997-d637-434b-b71e-9f72365f51ae,12974
1a7badad-2c93-4603-b068-4832e8bdb1aa,[TF57] UK UAT 2.2,79043997-d637-434b-b71e-9f72365f51ae,12974
1038214d-9067-43c4-8625-212270211119,[TF58] E2E PROD TEST,371a01a8-c847-4ebb-b02c-7e676a8ba7d1,12974
75352705-4865-4de9-9ee2-517ec76925c4,[TF59] PGC Service Support,371a01a8-c847-4ebb-b02c-7e676a8ba7d1,12974
418cf530-ac2d-47be-811e-0a76df3b52ec,[TF60] DV Europe,79043997-d637-434b-b71e-9f72365f51ae,12974
70e44dc5-23f9-461c-802b-1eb0865648fa,[TF61] DV NA,d1d48182-e7a3-4de9-8e0a-ef95dcbac233,12974
fd5142ba-2c29-4a02-bcb9-690e3b84930f,[TF62] E2E test – UAT Environment,371a01a8-c847-4ebb-b02c-7e676a8ba7d1,12974
3a0ebe86-e248-4cf7-b45d-3c06eeae85c8,[TF63] GRISC Data Validation,d1d48182-e7a3-4de9-8e0a-ef95dcbac233,12974
0ac5df30-5525-4b47-85d8-5a0ff9dc7f69,[TF64] GRISC UAT,d1d48182-e7a3-4de9-8e0a-ef95dcbac233,12974
c8bffd28-3b23-453a-b3b4-7c64fe6d93be,[TF69] PGC DV UAT,fcfd0c94-6282-4402-ac53-c7455a0284fe,12974
cf64f390-0784-4a13-8459-0cc0661ea1ca,[TF70] GRISC R2.2 UAT,fcfd0c94-6282-4402-ac53-c7455a0284fe,12974
a580cb0c-529f-4c28-acdc-387608575dc3,[TF71] PGC R2.2. UAT,fcfd0c94-6282-4402-ac53-c7455a0284fe,12974
e1e02a51-8e21-48bf-84c5-bb5a75d14ab8,[TF72] SIT - Release 2.3,fcfd0c94-6282-4402-ac53-c7455a0284fe,12974
4080e578-ed19-40c4-be7e-92d333dda217,[TF73] Sanity,fcfd0c94-6282-4402-ac53-c7455a0284fe,12974
725e64c5-1580-4417-afaf-5fce61825979,[TF74] Release 2.4 SIT,fcfd0c94-6282-4402-ac53-c7455a0284fe,12974
c5adf4e8-dd12-4e2c-9d9d-16425888d8fd,[TF75] UK DV,fcfd0c94-6282-4402-ac53-c7455a0284fe,12974
4b78b6ab-3dcc-491b-8c53-e2bed4c121dc,[TF76] Release 2.4 Master Data Validation,fcfd0c94-6282-4402-ac53-c7455a0284fe,12974
be96f3c6-59dd-4579-a366-18cd8885f389,[TF77] Archive,fcfd0c94-6282-4402-ac53-c7455a0284fe,12974
ac895224-9469-43c9-b809-508829869b24,[TF79] Backend,fcfd0c94-6282-4402-ac53-c7455a0284fe,12974
dcaba70c-698f-4357-a7ac-c060b5ee0223,[TF80] DV,fcfd0c94-6282-4402-ac53-c7455a0284fe,12974
72292aab-023c-4201-8a58-e0633bc6ca87,[TF81] Checkout,fcfd0c94-6282-4402-ac53-c7455a0284fe,12974
ce2a5ff7-c901-4ef4-8b4e-d44a2fa33e70,[TF82] CMS blocks,fcfd0c94-6282-4402-ac53-c7455a0284fe,12974
ae8baa26-2927-4fa1-a996-b8429bebaf7f,[TF83] Customer Management,fcfd0c94-6282-4402-ac53-c7455a0284fe,12974
70733a02-72fa-476a-8fbe-e1984a04a014,[TF84] Customers,fcfd0c94-6282-4402-ac53-c7455a0284fe,12974
25ee00be-5e88-4e3c-9041-b37f29df4e01,[TF85] Excel upload,fcfd0c94-6282-4402-ac53-c7455a0284fe,12974
665243b7-5748-4d4c-bcd3-e83885e3007d,[TF86] General V,fcfd0c94-6282-4402-ac53-c7455a0284fe,12974
e891117a-30c0-4f87-9c10-4b5ead1d176e,[TF87] Mini-cart V,fcfd0c94-6282-4402-ac53-c7455a0284fe,12974
dd923863-7dd3-461c-abb5-79ef9349afaa,[TF90] Product Catalog V,fcfd0c94-6282-4402-ac53-c7455a0284fe,12974
68aee871-aed1-4b15-b0c5-69392a60e037,[TF91] Product Mix configuraiton,fcfd0c94-6282-4402-ac53-c7455a0284fe,12974
c5811d56-0508-4ad2-9e19-fa97e765601f,[TF92] Product View V,fcfd0c94-6282-4402-ac53-c7455a0284fe,12974
a6d835e6-c0fa-4fe4-9a2b-0d7ffef5a018,[TF93] Products,fcfd0c94-6282-4402-ac53-c7455a0284fe,12974
e3364237-1eba-4040-bd29-029be12724d9,[TF94] QOR configuration,fcfd0c94-6282-4402-ac53-c7455a0284fe,12974
3323cf4a-5472-490d-a90e-cc4400706d1e,[TF95] Shopping Cart V,fcfd0c94-6282-4402-ac53-c7455a0284fe,12974
f8594992-64f0-478f-a82c-081b0a1ad68f,[TF96] Shopping List V,fcfd0c94-6282-4402-ac53-c7455a0284fe,12974
831e5e73-bbbc-4ead-b355-b32363d1c0ee,[TF97] User Account V,fcfd0c94-6282-4402-ac53-c7455a0284fe,12974
685799e3-c20c-415a-8b2a-a89c111ed211,[TF100] Design Validation - PM & AM,fcfd0c94-6282-4402-ac53-c7455a0284fe,12974
b47c9287-9931-4825-b27b-971ba91074c1,[TF101] Pre-UAT Validation - SM,fcfd0c94-6282-4402-ac53-c7455a0284fe,12974
50544e8f-55c5-4a32-bd25-95cba8d765ad,[TF103] Regression,fcfd0c94-6282-4402-ac53-c7455a0284fe,12974
60383016-be34-4612-8c12-96e4a145e8aa,[TF104] RELEASE 2.5,fcfd0c94-6282-4402-ac53-c7455a0284fe,12974
79b870eb-0c93-4f4e-a354-ddc4c2952a69,[TF107] [SIT 2.5] New functionalities,fcfd0c94-6282-4402-ac53-c7455a0284fe,12974
05d83020-504c-48ad-888c-ea47f41f4e58,[TF108] [SIT 2.5] Legacy,fcfd0c94-6282-4402-ac53-c7455a0284fe,12974
7eef7173-93a1-4636-98cb-282779824e48,[TF109] [SIT 2.5] DevOps Tests,fcfd0c94-6282-4402-ac53-c7455a0284fe,12974
e11f354e-9972-444c-9196-f7ad1a82183e,[TF110] [SIT 2.5] DV Test Cases,fcfd0c94-6282-4402-ac53-c7455a0284fe,12974
49fae511-bc14-4922-89ff-36c65dd6038c,[TF112] [SIT 2.6] New functionalities,fcfd0c94-6282-4402-ac53-c7455a0284fe,12974
ad8b47fb-ad53-414c-86fc-4c1a269ce1d6,[TF113] [UAT 2.5] Puerto Rico,fcfd0c94-6282-4402-ac53-c7455a0284fe,12974
73bf3444-6e12-49b1-8c5e-d7bdf054603a,[TF114] [UAT 2.5] Canada,fcfd0c94-6282-4402-ac53-c7455a0284fe,12974
db564983-f291-4514-b731-f666d066efbe,[TF115] [UAT 2.5] US Retail,fcfd0c94-6282-4402-ac53-c7455a0284fe,12974
c5c4356c-e768-4212-aaf5-bccec52b85c4,[TF116] UAT Regression,fcfd0c94-6282-4402-ac53-c7455a0284fe,12974
3648357e-f66f-494b-8095-f0a66ab3ee01,[TF117] [SIT 2.6] Regression,fcfd0c94-6282-4402-ac53-c7455a0284fe,12974
f60ed6d6-5d01-4196-9000-7f1ff620276e,[TF118] DV 2.6,fcfd0c94-6282-4402-ac53-c7455a0284fe,12974
545513e4-5aa7-499b-adfb-8e112c4efd52,[TF119] MOI,fcfd0c94-6282-4402-ac53-c7455a0284fe,12974
3ace665c-7381-49d0-83d4-a049a9bfd879,[TF121] DV SIT 2.6,fcfd0c94-6282-4402-ac53-c7455a0284fe,12974
10747475-9113-4efe-b94a-7dc8597a38d9,[TF124] [UAT 2.6] New Functionalities,fcfd0c94-6282-4402-ac53-c7455a0284fe,12974
6b05abf5-cb75-43d8-9e8b-906521600a5e,[TF125] [UAT 2.6] Regression,fcfd0c94-6282-4402-ac53-c7455a0284fe,12974
85dff3bf-0095-473d-8e4f-126a7679c6b5,[TF126] CA,fcfd0c94-6282-4402-ac53-c7455a0284fe,12974
18b4e163-24ad-488c-a228-22466248ca11,[TF127] CA PGP,fcfd0c94-6282-4402-ac53-c7455a0284fe,12974
6794b32c-ee3a-4fdd-9996-e20279198c2f,[TF128] GDM,fcfd0c94-6282-4402-ac53-c7455a0284fe,12974
f01265b9-fb92-4408-9532-48539722be0a,[TF129] DACH,fcfd0c94-6282-4402-ac53-c7455a0284fe,12974
d4f234c2-aa95-4f37-b121-cb31c642fe09,[TF130] US Hospitals,fcfd0c94-6282-4402-ac53-c7455a0284fe,12974
3586f7c3-ceb7-4ea1-854d-a0a08cee76c8,[TF131] PGC,fcfd0c94-6282-4402-ac53-c7455a0284fe,12974
28d7bd85-c847-4fcd-b4e2-8c2d39ac2b40,[TF132] PR,fcfd0c94-6282-4402-ac53-c7455a0284fe,12974
9ee9463f-a421-4852-b649-5cd9f75453a2,[TF134] CA,fcfd0c94-6282-4402-ac53-c7455a0284fe,12974
695acc83-c69f-4395-b7cb-10ddec336e59,[TF135] CA PGP,fcfd0c94-6282-4402-ac53-c7455a0284fe,12974
1161be45-e6c3-429f-a7a7-a579969ab055,[TF137] PGC,fcfd0c94-6282-4402-ac53-c7455a0284fe,12974
d05a1482-64bd-43e9-82d7-e30f6eda48ee,[TF138] PR,fcfd0c94-6282-4402-ac53-c7455a0284fe,12974
0c8d8d07-6209-4537-9e08-12f5f4cf9522,[TF139] US Retail,fcfd0c94-6282-4402-ac53-c7455a0284fe,12974
858d4ab8-c44b-4da5-bb3c-ae2dee96172c,[TF140] LA,fcfd0c94-6282-4402-ac53-c7455a0284fe,12974
88eee874-6897-48de-bca5-fbde71e3550d,[TF141] Sanity Automation,fcfd0c94-6282-4402-ac53-c7455a0284fe,12974
c09330f1-1593-42ab-9d9b-3d5d0a6955ed,[TF142] PGC,fcfd0c94-6282-4402-ac53-c7455a0284fe,12974
424e023f-4dd0-4582-9be1-175911a785b2,[TF143] LA,fcfd0c94-6282-4402-ac53-c7455a0284fe,12974
12b25701-60c3-4ab5-ac5a-d7d857980579,[TF145] RELEASE 2.7,fcfd0c94-6282-4402-ac53-c7455a0284fe,12974
e693f197-5746-4171-b3ed-08861d0649d5,[TF146] [SIT 2.7] New Functionalities,fcfd0c94-6282-4402-ac53-c7455a0284fe,12974
cb6827aa-7b30-46c6-8426-ac1a1b6988f7,[TF147] [SIT 2.7] Regression,fcfd0c94-6282-4402-ac53-c7455a0284fe,12974
c9b76cc3-4b99-4a4f-b9aa-a5c0390d6d85,[TF148] 2.7 Master Data Validation,fcfd0c94-6282-4402-ac53-c7455a0284fe,12974
3908c212-e71e-4b02-9165-d27d607139ae,[TF149] [Updated] Regression,fcfd0c94-6282-4402-ac53-c7455a0284fe,12974
c57d9ea0-6845-4347-8870-4fc3b6734a1c,[TF150] DevOps check,fcfd0c94-6282-4402-ac53-c7455a0284fe,12974
956c7b90-7e25-4bf2-92a8-d90f6ac11baf,[TF151] Pre-UAT,fcfd0c94-6282-4402-ac53-c7455a0284fe,12974
9afe1b53-7658-4da8-a437-9bf4ad61c84b,[TF152] Design Validation,fcfd0c94-6282-4402-ac53-c7455a0284fe,12974
56c33bd1-7926-4d66-bdc7-58af1ef4c619,[TF155] [UAT 2.7] Regression,fcfd0c94-6282-4402-ac53-c7455a0284fe,12974
ccef7395-28c2-4bf4-90c1-91309cbd8b6a,[TF156] LA,fcfd0c94-6282-4402-ac53-c7455a0284fe,12974
e4aa17c5-f8d0-4f91-b1c7-4514fd20f736,[TF157] PGC,fcfd0c94-6282-4402-ac53-c7455a0284fe,12974
f275bb74-e262-4de4-afe2-069158f7c089,[TF158] Argentina,fcfd0c94-6282-4402-ac53-c7455a0284fe,12974
865e0cdd-8c8f-4989-aeae-5b8c6602368e,[TF159] Colombia,fcfd0c94-6282-4402-ac53-c7455a0284fe,12974
3d4b579f-0b3a-40a9-a200-a3a7233a3566,[TF160] LADMAR GDM,fcfd0c94-6282-4402-ac53-c7455a0284fe,12974
2ee858ee-356c-4b58-8548-6be6e73bb40b,[TF161] LADMAR GDM US,fcfd0c94-6282-4402-ac53-c7455a0284fe,12974
bf5d8629-e547-498e-8d1f-5691d5a53ff9,[TF162] AT Food,fcfd0c94-6282-4402-ac53-c7455a0284fe,12974
95a001bf-3d96-48b2-9532-471e5995a824,[TF164] AT PGP,fcfd0c94-6282-4402-ac53-c7455a0284fe,12974
daf1e08e-e8c0-450b-a293-2697099fcfff,[TF165] CH Food,fcfd0c94-6282-4402-ac53-c7455a0284fe,12974
3bec9a6a-a80c-497b-944f-2bb470c9660f,[TF166] CH Non-Food,fcfd0c94-6282-4402-ac53-c7455a0284fe,12974
fb61f00d-045e-4b51-bec8-d0dcaad75cfc,[TF167] CA,fcfd0c94-6282-4402-ac53-c7455a0284fe,12974
15d3d7ce-906e-4e13-b5d1-1f6d726fc7ee,[TF168] CA PGP,fcfd0c94-6282-4402-ac53-c7455a0284fe,12974
7286759e-faba-4374-a2fd-f0ee01576160,[TF169] PR,fcfd0c94-6282-4402-ac53-c7455a0284fe,12974
f0ee13c2-fefc-4065-8030-6c39c8bbd82b,[TF170] US GDM,fcfd0c94-6282-4402-ac53-c7455a0284fe,12974
d4918aef-cd33-4994-8233-72a5866a904f,[TF171] US GRISC,fcfd0c94-6282-4402-ac53-c7455a0284fe,12974
e4f88706-8b25-4b6b-9ea2-8804702a7d03,[TF172] US HOSP,fcfd0c94-6282-4402-ac53-c7455a0284fe,12974
2431aac6-2b98-4a42-8e99-6caca6e55878,[TF174] CA PGP,fcfd0c94-6282-4402-ac53-c7455a0284fe,12974
5c03faf0-87ef-4ea4-a9f2-4d0189cc7d58,[TF175] CA,fcfd0c94-6282-4402-ac53-c7455a0284fe,12974
2c34db58-3222-41b2-b557-5d80bce65873,[TF176] PR,fcfd0c94-6282-4402-ac53-c7455a0284fe,12974
430650aa-6f4e-484d-8dd2-b21cb7ca7b09,[TF177] US GDM,fcfd0c94-6282-4402-ac53-c7455a0284fe,12974
03187cf2-fe78-47c0-afff-3921acc0cdd0,[TF178] US GRISC,fcfd0c94-6282-4402-ac53-c7455a0284fe,12974
f5b98552-3cae-408d-91b1-9cf3674de20f,[TF179] US HOSP,fcfd0c94-6282-4402-ac53-c7455a0284fe,12974
2bf61c9d-1cf7-4f9c-9ec0-9f99e968c9d3,[TF180] PGC,fcfd0c94-6282-4402-ac53-c7455a0284fe,12974
68925fe5-387a-40db-8f2e-691ac0feda1c,[TF181] UK,fcfd0c94-6282-4402-ac53-c7455a0284fe,12974
b7c1568f-cc1e-4901-9461-8117ac51f1b1,[TF182] UK PGP,fcfd0c94-6282-4402-ac53-c7455a0284fe,12974
65278fbc-f60f-49b2-87c5-a8b588a3dad1,[TF183] DE Food,fcfd0c94-6282-4402-ac53-c7455a0284fe,12974
35e9f355-a423-4eb6-89a3-7c8a1e93bb8c,[TF185] DE PGP,fcfd0c94-6282-4402-ac53-c7455a0284fe,12974
05b43dac-df58-479f-ab7d-ac964c1c4af2,[TF186] LA,fcfd0c94-6282-4402-ac53-c7455a0284fe,12974
dd9fcb6a-752a-4fd3-a096-6d20e767f6b1,[TF188] LA GDM,fcfd0c94-6282-4402-ac53-c7455a0284fe,12974
41c2614f-b7ef-4227-8922-bc6cebd8f4ec,[TF189] Greece,fcfd0c94-6282-4402-ac53-c7455a0284fe,12974
db7efb26-b41a-4efe-8e32-dbfc5690e244,[TF192] RELEASE 2.8,fcfd0c94-6282-4402-ac53-c7455a0284fe,12974
6bc96496-f6ef-4b3b-a59e-c591d3e176a1,[TF193] [SIT 2.8] New Functionalities,fcfd0c94-6282-4402-ac53-c7455a0284fe,12974
23096a9e-4e20-4876-8a24-33fc009cd7e0,[TF194] [SIT 2.8] Regression,fcfd0c94-6282-4402-ac53-c7455a0284fe,12974
bfcbe714-896a-4517-a62b-1e7b72635663,[TF197] [SIT 2.8] DV TC's,fcfd0c94-6282-4402-ac53-c7455a0284fe,12974
47937a7b-c4d8-4160-bf5d-21b35b285e52,[TF198] [SIT 2.8] Design Validation,fcfd0c94-6282-4402-ac53-c7455a0284fe,12974
c93a4151-7596-432e-a128-1ed0bf727397,[TF199] RELEASE 2.9,fcfd0c94-6282-4402-ac53-c7455a0284fe,12974
245a1e1d-a3cb-45d0-8606-ffb5feb154c9,[TF201] [UAT 2.8] New Functionalities,fcfd0c94-6282-4402-ac53-c7455a0284fe,12974
e58012eb-6df1-4013-83d7-0ae4fb2906f6,[TF202] [UAT 2.8] Regression,fcfd0c94-6282-4402-ac53-c7455a0284fe,12974
4cd5f6b4-d9d0-4277-8b6e-cb8ae2cf0371,[TF203] DACH DE Food,fcfd0c94-6282-4402-ac53-c7455a0284fe,12974
8e439900-fa2c-4842-a65f-0795f9e7e3a2,[TF204] DACH DE Non-Food,fcfd0c94-6282-4402-ac53-c7455a0284fe,12974
d643ca0a-60ba-48a7-880e-6e828cef7797,[TF205] DACH DE PGP,fcfd0c94-6282-4402-ac53-c7455a0284fe,12974
0abafba6-2d35-41f3-b444-75b86047cd4e,[TF206] DACH CH Non-Food,fcfd0c94-6282-4402-ac53-c7455a0284fe,12974
9c36316d-fb50-405f-b269-0a9c63a34b67,[TF207] DACH CH Food,fcfd0c94-6282-4402-ac53-c7455a0284fe,12974
a2079d63-9d84-401e-90c0-c40890f90239,[TF208] DACH AT PGP,fcfd0c94-6282-4402-ac53-c7455a0284fe,12974
93ff2351-4ed5-4dfa-ac0c-66f56311fac6,[TF209] DACH AT Non-Food,fcfd0c94-6282-4402-ac53-c7455a0284fe,12974
1dd78974-2765-4c4d-a57d-e487f2badb22,[TF210] DACH AT Food,fcfd0c94-6282-4402-ac53-c7455a0284fe,12974
020c80cc-07e0-4143-82b1-4741c47c1bb7,[TF212] Greece Pharma,fcfd0c94-6282-4402-ac53-c7455a0284fe,12974
b378dc5e-87c9-4d12-b343-b54ec709313a,[TF213] Greece Pharma Mobile,fcfd0c94-6282-4402-ac53-c7455a0284fe,12974
9c7d0bc9-5231-4d27-9a59-7131147bb3ed,[TF216] Canada,fcfd0c94-6282-4402-ac53-c7455a0284fe,12974
d497cbf9-5851-4554-9c36-ab22caa49add,[TF217] Canada PGP,fcfd0c94-6282-4402-ac53-c7455a0284fe,12974
7f73747c-aa6a-494f-85b2-d791909594e1,[TF218] Puerto Rico,fcfd0c94-6282-4402-ac53-c7455a0284fe,12974
71fd19b0-9abc-4498-95d2-b65be37ee413,[TF219] US PGP,fcfd0c94-6282-4402-ac53-c7455a0284fe,12974
6aff843b-f315-459d-9f23-95df0c6d7155,[TF220] US,fcfd0c94-6282-4402-ac53-c7455a0284fe,12974
892dbaeb-ab96-4436-ae9e-6b74ee435cc6,[TF221] Argentina,fcfd0c94-6282-4402-ac53-c7455a0284fe,12974
9cbc0ebf-0678-41f8-8dba-c84d0a5d6880,[TF224] Mexico,fcfd0c94-6282-4402-ac53-c7455a0284fe,12974
a8fdc3e7-a3b8-4dda-a881-39b693d091cd,[TF225] Peru,fcfd0c94-6282-4402-ac53-c7455a0284fe,12974
9c3788a1-52fe-4554-883d-29daabf20d95,[TF226] LADMAR FOM (UR & PR),fcfd0c94-6282-4402-ac53-c7455a0284fe,12974
869d86e1-40ce-469a-a844-86d95f766ca6,[TF227] Costa Rica,fcfd0c94-6282-4402-ac53-c7455a0284fe,12974
fbd40704-bb24-4671-a05d-df26e0e3b0c2,[TF228] Ecuador,fcfd0c94-6282-4402-ac53-c7455a0284fe,12974
d4451dd4-13d5-4e57-9bf5-640925892885,[TF229] LADMAR GDM,fcfd0c94-6282-4402-ac53-c7455a0284fe,12974
f7fad33d-0e09-4078-b160-abd194f237a5,[TF230] LADMAR GDM US,fcfd0c94-6282-4402-ac53-c7455a0284fe,12974
402cfb69-6fd3-442a-a87e-83a35978f565,[TF231] Guatemala,fcfd0c94-6282-4402-ac53-c7455a0284fe,12974
534807fb-f274-4d1e-a65b-32d2a7d6f48c,[TF234] DACH DE Food,fcfd0c94-6282-4402-ac53-c7455a0284fe,12974
4022e504-3138-47d4-8924-8cc0b66fb411,[TF235] DACH DE Non-Food,fcfd0c94-6282-4402-ac53-c7455a0284fe,12974
738bcc9d-f6f0-4330-9bb9-fb78516a3db5,[TF236] DACH DE PGP,fcfd0c94-6282-4402-ac53-c7455a0284fe,12974
0591d77b-82f3-4918-bb2a-faa0c9337a76,[TF237] DACH CH Non-Food,fcfd0c94-6282-4402-ac53-c7455a0284fe,12974
d4197e6b-620b-4ec7-84b0-95b4e223c077,[TF238] DACH CH Food,fcfd0c94-6282-4402-ac53-c7455a0284fe,12974
f7f66ef7-cebb-4057-b860-a6da7a9c4ba3,[TF239] DACH AT PGP,fcfd0c94-6282-4402-ac53-c7455a0284fe,12974
93677b43-99fb-40ea-be06-0a8be9c0681f,[TF240] DACH AT Non-Food,fcfd0c94-6282-4402-ac53-c7455a0284fe,12974
856b88e3-34e8-4d3a-9240-8763b9914e15,[TF241] DACH AT Food,fcfd0c94-6282-4402-ac53-c7455a0284fe,12974
c35c9434-1870-4815-b6f9-ec3b95d3f0fc,[TF242] Greece,fcfd0c94-6282-4402-ac53-c7455a0284fe,12974
af3628f8-addc-4a04-9208-b98959c94040,[TF247] Canada,fcfd0c94-6282-4402-ac53-c7455a0284fe,12974
237c7e82-ed72-41bf-a4cc-07bd1242acda,[TF248] Canada PGP,fcfd0c94-6282-4402-ac53-c7455a0284fe,12974
d5b945f3-3fb1-46f8-be9b-da5b02c34c85,[TF249] Puerto Rico,fcfd0c94-6282-4402-ac53-c7455a0284fe,12974
7670c72f-ba05-4751-8940-f940b8c9967b,[TF250] US PGP,fcfd0c94-6282-4402-ac53-c7455a0284fe,12974
a160392a-e986-4f04-976f-e5e7598703a1,[TF251] US,fcfd0c94-6282-4402-ac53-c7455a0284fe,12974
b35fe7c0-7b36-4e49-80fd-3a4347533ab0,[TF252] Argentina,fcfd0c94-6282-4402-ac53-c7455a0284fe,12974
08a61dba-8716-44da-a73e-c7cdf0d50cc3,[TF253] Chile,fcfd0c94-6282-4402-ac53-c7455a0284fe,12974
fb257c39-0292-4287-8756-e4c8c4086a02,[TF254] Colombia,fcfd0c94-6282-4402-ac53-c7455a0284fe,12974
e791c19c-8990-409b-9d54-dfe92295255c,[TF256] Peru,fcfd0c94-6282-4402-ac53-c7455a0284fe,12974
38504122-ba09-4dbe-a69a-df4a006ed55d,[TF257] LADMAR FOM (UR & PR),fcfd0c94-6282-4402-ac53-c7455a0284fe,12974
04ebb656-46c9-40d3-b7d9-2a35ac638d6d,[TF258] Costa Rica,fcfd0c94-6282-4402-ac53-c7455a0284fe,12974
d254b738-49b4-4b8e-b117-d2e745a332fd,[TF259] Ecuador,fcfd0c94-6282-4402-ac53-c7455a0284fe,12974
706a3658-031d-4bcb-bd41-b689c5f1fe4e,[TF260] LADMAR GDM,fcfd0c94-6282-4402-ac53-c7455a0284fe,12974
c08a0066-a380-4cf7-8645-b96fd9c02e84,[TF261] LADMAR GDM US,fcfd0c94-6282-4402-ac53-c7455a0284fe,12974
3b99e2f5-adff-44e4-b2b5-2a996bd01de5,[TF262] Guatemala,fcfd0c94-6282-4402-ac53-c7455a0284fe,12974
3f1bd3f4-ec8b-4af6-941f-132038f51c28,[TF264] PGC,fcfd0c94-6282-4402-ac53-c7455a0284fe,12974
ad941424-f1ee-4aa8-aaa1-a9a1ae712cc8,[TF265] [UAT 2.8] L2,fcfd0c94-6282-4402-ac53-c7455a0284fe,12974
4c9f6c62-206e-4930-a028-2ad302bcdddd,[TF269] [SIT 2.10] New Functionalities,fcfd0c94-6282-4402-ac53-c7455a0284fe,12974
2a3f973c-95cd-4c13-a2c9-ea21db4178fa,[TF270] [SIT 2.10] Regression,fcfd0c94-6282-4402-ac53-c7455a0284fe,12974
f418a587-b03f-42e3-9f00-bf78dcbaea03,[TF271] [UAT 2.9] New Functionalities,fcfd0c94-6282-4402-ac53-c7455a0284fe,12974
e11f7ce4-4b52-4854-a90f-3e81761a8e68,[TF272] [UAT 2.9] Regression,fcfd0c94-6282-4402-ac53-c7455a0284fe,12974
588d296e-1eb5-47e4-bdcd-51c04c15ea4a,[TF273] DACH DE Food,fcfd0c94-6282-4402-ac53-c7455a0284fe,12974
8d6d5eb3-9df2-4150-82ed-a1ee4b7a119c,[TF274] DACH DE Non-Food,fcfd0c94-6282-4402-ac53-c7455a0284fe,12974
beb9afa6-ce93-4da0-ac49-fda82c6a20d1,[TF275] DACH DE PGP,fcfd0c94-6282-4402-ac53-c7455a0284fe,12974
9eede363-cc7b-4901-aea5-b68ecee6ae7d,[TF276] DACH CH Non-Food,fcfd0c94-6282-4402-ac53-c7455a0284fe,12974
12e5e83f-7f5a-4cd0-b953-1040d4bdffa1,[TF278] DACH AT PGP,fcfd0c94-6282-4402-ac53-c7455a0284fe,12974
cde72827-1f63-487d-b28f-68d6f5e46bcd,[TF279] DACH AT Non-Food,fcfd0c94-6282-4402-ac53-c7455a0284fe,12974
7fd601f4-4b6f-4969-8d6f-3eeb8bed3885,[TF280] DACH AT Food,fcfd0c94-6282-4402-ac53-c7455a0284fe,12974
7bf2bf52-9126-42a8-baa4-24407b2a065d,[TF281] Greece,fcfd0c94-6282-4402-ac53-c7455a0284fe,12974
dd92e02d-c3a3-4752-8611-ac7e10db65f8,[TF282] Greece Pharma,fcfd0c94-6282-4402-ac53-c7455a0284fe,12974
e4c50bf8-3b27-483e-8bdc-c43bf20dc950,[TF283] Greece Pharma mobile,fcfd0c94-6282-4402-ac53-c7455a0284fe,12974
6faf5ed5-7e6a-4c68-b837-2821f09bfd97,[TF284] UK,fcfd0c94-6282-4402-ac53-c7455a0284fe,12974
d089308c-cab0-492d-b1c2-b2fe6b115283,[TF285] UK PGP,fcfd0c94-6282-4402-ac53-c7455a0284fe,12974
5cd95c35-5a44-4331-b92c-72133a382508,[TF286] Canada,fcfd0c94-6282-4402-ac53-c7455a0284fe,12974
a09e2218-6c41-440c-9f68-b2be09354b05,[TF288] Puerto Rico,fcfd0c94-6282-4402-ac53-c7455a0284fe,12974
14112842-8afd-4020-938f-a338db2c7a57,[TF289] US PGP,fcfd0c94-6282-4402-ac53-c7455a0284fe,12974
4aa8b79b-4190-4676-93ee-905f686a1792,[TF290] US,fcfd0c94-6282-4402-ac53-c7455a0284fe,12974
c5c6f141-68a3-4fc4-86d4-cc117efe49cb,[TF291] Argentina,fcfd0c94-6282-4402-ac53-c7455a0284fe,12974
a4756cdc-3c2d-4226-aa58-f61352bbfd7b,[TF292] Brazil,fcfd0c94-6282-4402-ac53-c7455a0284fe,12974
cad04a9d-9969-49b7-8be8-c407d7b9f891,[TF293] Chile,fcfd0c94-6282-4402-ac53-c7455a0284fe,12974
1c7d20e0-6996-4fd8-80fa-6d591f6b7ad2,[TF294] Colombia,fcfd0c94-6282-4402-ac53-c7455a0284fe,12974
adc11763-5c5c-4a39-901f-965b7876247b,[TF295] Mexico,fcfd0c94-6282-4402-ac53-c7455a0284fe,12974
b5e73cd4-9b20-46a1-afa6-0275ed8ed688,[TF296] Peru,fcfd0c94-6282-4402-ac53-c7455a0284fe,12974
4d6e40ac-a29b-440f-9e97-3604a0429919,[TF298] Costa Rica,fcfd0c94-6282-4402-ac53-c7455a0284fe,12974
e7a5a601-5630-4f03-9393-41e97eca1da1,[TF299] Ecuador,fcfd0c94-6282-4402-ac53-c7455a0284fe,12974
7fac36ab-10d9-4d57-925f-b087f4295173,[TF300] LADMAR GDM,fcfd0c94-6282-4402-ac53-c7455a0284fe,12974
fce1df3a-31b4-48ed-8916-32d610ae16c2,[TF301] LADMAR GDM US,fcfd0c94-6282-4402-ac53-c7455a0284fe,12974
48ba71f1-7966-4133-970f-fb38507498a8,[TF302] Guatemala,fcfd0c94-6282-4402-ac53-c7455a0284fe,12974
4f9097f8-e565-496e-9f36-7d9205c074af,[TF303] PGC,fcfd0c94-6282-4402-ac53-c7455a0284fe,12974
bd0580a8-7a01-46d5-895b-83d56108f367,[TF304] DACH DE Food,fcfd0c94-6282-4402-ac53-c7455a0284fe,12974
21a9c75e-b43c-4d68-87bc-e4742425198a,[TF305] DACH DE Non-Food,fcfd0c94-6282-4402-ac53-c7455a0284fe,12974
6db6ceb6-94d4-4540-b002-014745f55d77,[TF307] DACH CH Non-Food,fcfd0c94-6282-4402-ac53-c7455a0284fe,12974
54c0e068-adf9-4fa2-b3d4-47091e508bbb,[TF308] DACH CH Food,fcfd0c94-6282-4402-ac53-c7455a0284fe,12974
36143536-0dfd-4cc7-9650-83c0308393b9,[TF309] DACH AT PGP,fcfd0c94-6282-4402-ac53-c7455a0284fe,12974
5dfc10cc-ef32-4f25-b299-fc137a6517f0,[TF310] DACH AT Non-Food,fcfd0c94-6282-4402-ac53-c7455a0284fe,12974
b02bd0ab-69fd-4dcd-89df-baf16d988472,[TF311] DACH AT Food,fcfd0c94-6282-4402-ac53-c7455a0284fe,12974
b413fddc-1cdf-4d3b-8133-891f8d1a95ca,[TF312] Greece,fcfd0c94-6282-4402-ac53-c7455a0284fe,12974
3c6b288e-a680-42fb-8d5a-4735e2cb43b6,[TF313] Greece Pharma,fcfd0c94-6282-4402-ac53-c7455a0284fe,12974
0faf772d-2ac5-4f7d-b135-213727065e25,[TF314] Greece Pharma mobile,fcfd0c94-6282-4402-ac53-c7455a0284fe,12974
4fdb33ce-53ef-4c3f-b026-c3324ca604df,[TF316] Canada PGP,fcfd0c94-6282-4402-ac53-c7455a0284fe,12974
6ef27f3b-fd86-42be-b044-4ec217051ef2,[TF317] Puerto Rico,fcfd0c94-6282-4402-ac53-c7455a0284fe,12974
bcb7cd55-0fff-45ff-bdfb-0425d54a8713,[TF318] US PGP,fcfd0c94-6282-4402-ac53-c7455a0284fe,12974
bbb4d496-31aa-4aa7-ba67-ad16ef15c0af,[TF319] US,fcfd0c94-6282-4402-ac53-c7455a0284fe,12974
2da972f3-c26b-4da3-9fad-b0dea0a77c3c,[TF320] Argentina,fcfd0c94-6282-4402-ac53-c7455a0284fe,12974
2355cbe7-2f9c-4ad4-ba21-d68a4df45ba4,[TF321] Chile,fcfd0c94-6282-4402-ac53-c7455a0284fe,12974
0dcc7ba1-7168-4950-8588-a27a4fe0db1f,[TF322] Colombia,fcfd0c94-6282-4402-ac53-c7455a0284fe,12974
4bf546bf-edd8-4aaf-8773-aab60e275a27,[TF323] Mexico,fcfd0c94-6282-4402-ac53-c7455a0284fe,12974
de29cc24-1f54-473c-a23c-1eec168d49c5,[TF325] LADMAR FOM (UR & PR),fcfd0c94-6282-4402-ac53-c7455a0284fe,12974
1a1b5557-8b67-41d2-aab3-40c1d903c77b,[TF326] Costa Rica,fcfd0c94-6282-4402-ac53-c7455a0284fe,12974
c6e92033-5fa9-44ad-a2e0-530aacb56f60,[TF327] Ecuador,fcfd0c94-6282-4402-ac53-c7455a0284fe,12974
1b77f605-1885-4736-a013-c5f7b54b6c8e,[TF328] LADMAR GDM,fcfd0c94-6282-4402-ac53-c7455a0284fe,12974
89546abe-4b74-4939-a477-cf49d409a628,[TF329] LADMAR GDM US,fcfd0c94-6282-4402-ac53-c7455a0284fe,12974
03e34e46-01e5-4937-befb-3651bb5e04fe,[TF330] Guatemala,fcfd0c94-6282-4402-ac53-c7455a0284fe,12974
e0c68aba-49b3-49c6-b2c0-d4f4af578f8b,[TF331] PGC,fcfd0c94-6282-4402-ac53-c7455a0284fe,12974
885d8def-2ab1-4f75-bbb1-245033b4a0aa,[TF332] [SIT 2.9] DV TC's,fcfd0c94-6282-4402-ac53-c7455a0284fe,12974
f813b835-5c9b-42d5-ae93-12914fefd879,[TF333] [SIT 2.10] DV TC's,fcfd0c94-6282-4402-ac53-c7455a0284fe,12974
693a4e12-7846-45e8-a128-08c56f86d266,[TF335] RELEASE 2.11,fcfd0c94-6282-4402-ac53-c7455a0284fe,12974
c38931fc-f09c-421f-95eb-edb4362755dd,[TF336] [SIT 2.11] New Functionalities,fcfd0c94-6282-4402-ac53-c7455a0284fe,12974
4a1b8b99-f3d4-4ee2-9a81-7c2786af1f62,[TF337] [SIT 2.11] Regression,fcfd0c94-6282-4402-ac53-c7455a0284fe,12974
de67418b-4960-402c-8df5-ce4c1953fff6,[TF338] 2.9.1 API GEE,fcfd0c94-6282-4402-ac53-c7455a0284fe,12974
40453729-e126-499a-95d9-6d86f36fcd02,[TF339] 2.10 API GEE,fcfd0c94-6282-4402-ac53-c7455a0284fe,12974
bd384c95-495f-48a2-ac89-bb68d5b8584e,[TF340] 2.11 API GEE,fcfd0c94-6282-4402-ac53-c7455a0284fe,12974
366d9a97-35de-4526-9187-2b8aeaa9ca47,[TF341] 2.9.1 API GEE GO LIVE,fcfd0c94-6282-4402-ac53-c7455a0284fe,12974
835cd512-8a62-4bf4-97cd-bb0069dec18e,[TF342] 2.8.X API GEE,fcfd0c94-6282-4402-ac53-c7455a0284fe,12974
a52a8d8d-9151-484b-90ec-37cd883b57f8,[TF345] [UAT 2.10] Regression,fcfd0c94-6282-4402-ac53-c7455a0284fe,12974
17278d61-b679-48f3-8683-26f588518d5f,[TF346] EU Global,fcfd0c94-6282-4402-ac53-c7455a0284fe,12974
28f70a66-30ed-4d1e-b823-895be0dc1442,[TF347] LA Global,fcfd0c94-6282-4402-ac53-c7455a0284fe,12974
052c98da-fef0-4e44-bc14-511f0517911e,[TF348] NA Global,fcfd0c94-6282-4402-ac53-c7455a0284fe,12974
49ab2463-a8f5-4e3e-ad7d-ca9e655101a9,[TF349] PGC Global,fcfd0c94-6282-4402-ac53-c7455a0284fe,12974
728aa097-5528-4cf0-8cf5-cfee9d0b025c,[TF350] DACH DE Food,fcfd0c94-6282-4402-ac53-c7455a0284fe,12974
303606f4-c7aa-49b8-b483-7cf16f9a2de4,[TF351] DACH DE Non-Food,fcfd0c94-6282-4402-ac53-c7455a0284fe,12974
6cbf883c-1c46-4c72-8ee4-4a51a5b56f54,[TF353] DACH CH Non-Food,fcfd0c94-6282-4402-ac53-c7455a0284fe,12974
552df40a-b53f-4d80-a46c-f06db0ae1e07,[TF354] DACH CH Food,fcfd0c94-6282-4402-ac53-c7455a0284fe,12974
650b612c-49c1-4a5b-836b-94cc411b0d7b,[TF355] DACH AT PGP,fcfd0c94-6282-4402-ac53-c7455a0284fe,12974
9427442c-bd53-4cf4-9502-9e9c67256ba0,[TF356] DACH AT Non-Food,fcfd0c94-6282-4402-ac53-c7455a0284fe,12974
76cfa770-9718-47d1-b370-3cfe3473e5de,[TF357] DACH AT Food,fcfd0c94-6282-4402-ac53-c7455a0284fe,12974
89bd851c-5a27-4653-a864-fc4bc947af4a,[TF358] Greece,fcfd0c94-6282-4402-ac53-c7455a0284fe,12974
c4fe0cae-134c-41b1-9901-81869990a0ec,[TF359] UK,fcfd0c94-6282-4402-ac53-c7455a0284fe,12974
3d11d80a-730c-48dc-84fe-8b36bd12e5e7,[TF360] UK PGP,fcfd0c94-6282-4402-ac53-c7455a0284fe,12974
8268cc10-4f99-4301-9ee2-8332b9bb6914,[TF363] Puerto Rico,fcfd0c94-6282-4402-ac53-c7455a0284fe,12974
442694e9-79a9-4bfa-997d-24c0d9d279a5,[TF364] US PGP,fcfd0c94-6282-4402-ac53-c7455a0284fe,12974
688f4f38-b089-4882-9245-2b9ae3f3a2d7,[TF365] US,fcfd0c94-6282-4402-ac53-c7455a0284fe,12974
2d132eb3-b7eb-4853-aef3-6606a4523ced,[TF366] Argentina,fcfd0c94-6282-4402-ac53-c7455a0284fe,12974
ee741638-784b-46cd-97a8-1d413f04f093,[TF367] Mexico,fcfd0c94-6282-4402-ac53-c7455a0284fe,12974
a219a5e4-5847-4228-91dc-4a5f2f75050c,[TF368] Chile,fcfd0c94-6282-4402-ac53-c7455a0284fe,12974
48f80882-ff55-49f3-84a1-a933fc3f4f56,[TF369] Colombia,fcfd0c94-6282-4402-ac53-c7455a0284fe,12974
5dc40954-39a0-42be-854f-3d3e9d0a794f,[TF372] Costa Rica,fcfd0c94-6282-4402-ac53-c7455a0284fe,12974
744f3627-24e1-476e-9444-53adc4bc397e,[TF373] Ecuador,fcfd0c94-6282-4402-ac53-c7455a0284fe,12974
5bed9ca5-ac80-49cd-bccf-b4a12ad91c7f,[TF374] LADMAR FOM,fcfd0c94-6282-4402-ac53-c7455a0284fe,12974
f8ce80e3-341f-42cf-9907-afe00189dd6b,[TF375] LADMAR GDM,fcfd0c94-6282-4402-ac53-c7455a0284fe,12974
182dafcc-9368-48c9-9aa8-b6bc62854d7e,[TF376] LADMAR GDM US,fcfd0c94-6282-4402-ac53-c7455a0284fe,12974
c131cf42-453c-4a15-b913-857fbe7359f2,[TF377] Brazil,fcfd0c94-6282-4402-ac53-c7455a0284fe,12974
3aeb2f4b-094b-4430-9f6c-cbbbdec3b38c,[TF379] DV TC for 2.11,fcfd0c94-6282-4402-ac53-c7455a0284fe,12974
c782730f-0d60-4e4e-a8b8-4c45add792f5,[TF380] RELEASE 2.12,fcfd0c94-6282-4402-ac53-c7455a0284fe,12974
31436907-0b63-4d9f-910e-909a074b6fcc,[TF381] [SIT 2.12] New Functionalities,fcfd0c94-6282-4402-ac53-c7455a0284fe,12974
a4839ee8-dde1-4e12-bcf9-c37764f17dea,[TF382] [SIT 2.12] Regression,fcfd0c94-6282-4402-ac53-c7455a0284fe,12974
93d378cd-6444-4341-a1a7-1c477554e92e,[TF383] [UAT 2.11] New Functionalities,fcfd0c94-6282-4402-ac53-c7455a0284fe,12974
92c54f39-bcbc-45be-bd82-5e709f3feb50,[TF384] [UAT 2.11] Regression,fcfd0c94-6282-4402-ac53-c7455a0284fe,12974
b69dce5d-b224-48f8-9363-42bc9331ac24,[TF385] US,fcfd0c94-6282-4402-ac53-c7455a0284fe,12974
5430d8e5-24d7-43ad-bd8f-f794c4e2e467,[TF388] Canada PGP,fcfd0c94-6282-4402-ac53-c7455a0284fe,12974
c891a56c-d9b9-452f-aae7-2f818d7ec262,[TF389] Canada,fcfd0c94-6282-4402-ac53-c7455a0284fe,12974
c8363964-be12-4b0c-82cb-25b426040162,[TF390] PGC EU,fcfd0c94-6282-4402-ac53-c7455a0284fe,12974
e45534b7-13b7-4403-bcb0-202811029daa,[TF392] PGC EU,fcfd0c94-6282-4402-ac53-c7455a0284fe,12974
db9f42a9-5566-4353-b0f5-0a016f4f6401,[TF394] PGC NA,fcfd0c94-6282-4402-ac53-c7455a0284fe,12974
1539f903-94f2-4b3f-a641-74a0c3bf9e57,[TF395] PGC NA,fcfd0c94-6282-4402-ac53-c7455a0284fe,12974
053b03be-5f5e-4b1a-91bc-dcbcb9dd2e98,[TF396] Italy ALL,fcfd0c94-6282-4402-ac53-c7455a0284fe,12974
